Wall time,Step,Value
1789314828,640,-1265.5625
1789314853,960,-1308.416626
1789314866,1120,-1264.785767
1789314892,1440,-1200.277832
1789314919,1760,-1187.20459
1789314932,1920,-1177.875
1789314958,2240,-1143.160767
1789314971,2400,-1142.333374
1789314984,2560,-1134.328125
1789314997,2720,-1139.308838
1789315010,2880,-1159.375
1789315024,3040,-1170.473633
1789315037,3200,-1162.25
1789315050,3360,-1156.321411
1789315076,3680,-1147.630493
1789315102,4000,-1144.310059
1789315115,4160,-1144.180054
1789315181,4960,-1097.75
1789315193,5120,-1096.310059
1789315220,5440,-1097.089966
1789315232,5600,-1086.01001
1789315258,5920,-1074.880005
1789315297,6400,-1085.569946
1789315310,6560,-1094.26001
1789315336,6880,-1066.329956
1789315348,7040,-1050.839966
1789315361,7200,-1048.689941
1789315374,7360,-1046.630005
1789315399,7680,-1036.969971
1789315426,8000,-1041.98999
1789315438,8160,-1041.310059
1789315477,8640,-1042.469971
1789315490,8800,-1029.890015
1789315503,8960,-1026.839966
1789315516,9120,-1031.380005
1789315528,9280,-1033.550049
1789315566,9760,-1029.089966
1789315579,9920,-1050.75
1789315605,10240,-1043.689941
1789315630,10560,-1023.619995
1789315643,10720,-1021.929993
1789315655,10880,-1018.75
1789315668,11040,-1016.940002
1789315680,11200,-1013.880005
1789315706,11520,-1006.789978
1789315719,11680,-1011.630005
1789315732,11840,-997.8599854
1789315745,12000,-995.7600098
1789315770,12320,-982.7700195
1789315796,12640,-977.7600098
1789315809,12800,-976.5599976
1789315834,13120,-965.9799805
1789315871,13600,-958.0499878
1789315884,13760,-963.210022
1789315896,13920,-937.9299927
1789315908,14080,-929.4799805
1789315921,14240,-922.2999878
1789315933,14400,-924.8699951
1789315995,15200,-932.4799805
1789316058,16000,-927.0700073
1789316095,16480,-920.0200195
1789316120,16800,-906.9699707
1789316132,16960,-907.8499756
1789316145,17120,-918.6099854
1789316232,18240,-932.4899902
1789316269,18720,-919.1599731
1789316293,19040,-909.7299805
1789316306,19200,-910.0999756
1789316318,19360,-904.3900146
1789316368,20000,-893.6599731
1789316380,20160,-893.5100098
1789316393,20320,-894.25
1789316430,20800,-894.539978
1789316442,20960,-891.1900024
1789316479,21440,-871.7199707
1789316528,22080,-864.2000122
1789316552,22400,-851.4099731
1789316576,22720,-849.0999756
1789316589,22880,-851.75
1789316601,23040,-847
1789316613,23200,-843.5999756
1789316625,23360,-843.5100098
1789316637,23520,-841.3699951
1789316661,23840,-840.9899902
1789316686,24160,-845.25
1789316722,24640,-836.9000244
1789316735,24800,-833.1599731
1789316747,24960,-830.9699707
1789316771,25280,-833.9099731
1789316783,25440,-831.7199707
1789316795,25600,-830.7600098
1789316820,25920,-823.2700195
1789316832,26080,-824.7999878
1789316856,26400,-825.3699951
1789316868,26560,-825.3499756
1789316892,26880,-820.25
1789316904,27040,-825.1199951
1789316916,27200,-827.1300049
1789316940,27520,-827.8400269
1789316989,28160,-819.7600098
1789317001,28320,-821.5300293
1789317014,28480,-822.0700073
1789317026,28640,-821.1099854
1789317050,28960,-821.1500244
1789317062,29120,-815.8599854
1789317086,29440,-814.8599854
1789317111,29760,-813.8599854
1789317123,29920,-809.9799805
1789317135,30080,-805.1199951
1789317147,30240,-806.5200195
1789317171,30560,-804.4400024
1789317183,30720,-809.4699707
1789317268,31840,-791.6500244
1789317317,32480,-785.5100098
1789317365,33120,-790.3499756
1789317377,33280,-786.0800171
1789317389,33440,-786.8200073
1789317438,34080,-782.6199951
1789317450,34240,-783.7199707
1789317462,34400,-779.4699707
1789317474,34560,-777.2999878
1789317510,35040,-775.7800293
1789317522,35200,-778.1400146
1789317546,35520,-773.289978
1789317558,35680,-767.4400024
1789317570,35840,-771.9699707
1789317594,36160,-770.1199951
1789317607,36320,-767.4299927
1789317619,36480,-763.3400269
1789317643,36800,-761.5499878
1789317655,36960,-758.7299805
1789317667,37120,-759.9299927
1789317679,37280,-757.5100098
1789317691,37440,-756.5100098
1789317703,37600,-751.9400024
1789317739,38080,-739.9899902
1789317752,38240,-736.7999878
1789317775,38560,-739.1500244
1789317824,39200,-728.6900024
1789317836,39360,-732.2000122
1789317860,39680,-734.3099976
1789317884,40000,-740.4000244
1789317896,40160,-738.2299805
1789317961,40960,-727.0300293
1789317997,41440,-714.7999878
1789318009,41600,-716.5599976
1789318021,41760,-717.4799805
1789318033,41920,-723.4899902
1789318058,42240,-721.3499756
1789318106,42880,-709.3900146
1789318131,43200,-703.7199707
1789318155,43520,-692.0900269
1789318167,43680,-689.4299927
1789318179,43840,-681.9799805
1789318191,44000,-677.6799927
1789318228,44480,-670.0599976
1789318240,44640,-668.1500244
1789318263,44960,-669.2700195
1789318287,45280,-664.789978
1789318311,45600,-668.789978
1789318371,46400,-648.9400024
1789318395,46720,-644.6900024
1789318407,46880,-644.6599731
1789318443,47360,-638.7800293
1789318455,47520,-641.3200073
1789318467,47680,-637.710022
1789318480,47840,-634.8800049
1789318492,48000,-630.4400024
1789318504,48160,-632.4400024
1789318516,48320,-634.210022
1789318528,48480,-627.9400024
1789318540,48640,-625.0999756
1789318588,49280,-613.7299805
1789318601,49440,-613.2600098
1789318625,49760,-606.6599731
1789318661,50240,-598.289978
1789318708,50880,-592.5900269
1789318720,51040,-589.6599731
1789318732,51200,-587.460022
1789318744,51360,-584.0599976
1789318769,51680,-581.1599731
1789318793,52000,-579.710022
1789318805,52160,-574.1900024
1789318817,52320,-572.0599976
1789318829,52480,-572.1799927
1789318865,52960,-571.0200195
1789318877,53120,-571.4799805
1789318901,53440,-566.2399902
1789318949,54080,-568.7000122
1789318973,54400,-564.710022
1789318997,54720,-562.6400146
1789319009,54880,-560.4500122
1789319021,55040,-558.460022
1789319033,55200,-560.2800293
1789319045,55360,-559.6400146
1789319069,55680,-559.9899902
1789319081,55840,-560.2000122
1789319118,56320,-557.0700073
1789319142,56640,-557.0900269
1789319154,56800,-554.539978
1789319178,57120,-551.4299927
1789319202,57440,-550.710022
1789319214,57600,-551.1900024
1789319226,57760,-550.4500122
1789319250,58080,-549.5200195
1789319262,58240,-550.3300171
1789319274,58400,-553.3599854
1789319286,58560,-552.0900269
1789319311,58880,-553.6900024
1789319323,59040,-554.1900024
1789319348,59360,-552.5700073
1789319360,59520,-551.4799805
1789319384,59840,-551.3099976
1789319408,60160,-551.6500244
1789319420,60320,-550.9299927
1789319432,60480,-551.8400269
1789319444,60640,-554.4099731
1789319456,60800,-555.7800293
1789319481,61120,-556.210022
1789319493,61280,-556.4299927
1789319529,61760,-555.3200073
1789319541,61920,-556.3300171
1789319553,62080,-555.6500244
1789319564,62240,-554.2700195
1789319588,62560,-552.0999756
1789319600,62720,-550.9000244
1789319613,62880,-550.4099731
1789319624,63040,-551.9000244
1789319685,63840,-554.1099854
1789319733,64480,-552.9299927
1789319745,64640,-555.0499878
1789319769,64960,-555.7600098
1789319781,65120,-554.9099731
1789319805,65440,-554.6099854
1789319889,66560,-550.3400269
1789319901,66720,-550.5800171
1789319938,67200,-547.4500122
1789319951,67360,-547.0999756
1789319963,67520,-546.0800171
1789319975,67680,-550.4000244
1789319999,68000,-546.4400024
1789320023,68320,-545.5200195
1789320048,68640,-541.460022
1789320072,68960,-543.0300293
1789320132,69760,-545.1400146
1789320181,70400,-547.5499878
1789320193,70560,-546.75
1789320205,70720,-550.3200073
1789320217,70880,-549.4199829
1789320241,71200,-551.7399902
1789320253,71360,-551.75
1789320289,71840,-547.4899902
1789320301,72000,-546.8300171
1789320325,72320,-547.6500244
1789320362,72800,-547.5300293
1789320398,73280,-548.5499878
1789320410,73440,-547.2000122
1789320422,73600,-547.0800171
1789320434,73760,-550.2399902
1789320446,73920,-551.1599731
1789320470,74240,-565.3800049
1789320482,74400,-564
1789320494,74560,-564.9199829
1789320506,74720,-560.7700195
1789320518,74880,-561.9400024
1789320530,75040,-561.75
1789320542,75200,-563.5300293
1789320566,75520,-563.9000244
1789320590,75840,-564.4699707
1789320602,76000,-566.5100098
1789320638,76480,-566.7399902
1789320650,76640,-566.6699829
1789320698,77280,-561.6699829
1789320734,77760,-557.8699951
1789320746,77920,-558.460022
1789320770,78240,-542.6400146
1789320782,78400,-543.0100098
1789320806,78720,-542.8300171
1789320829,79040,-541.5700073
1789320866,79520,-544.1400146
1789320878,79680,-543.1500244
1789320951,80640,-541.0700073
1789320987,81120,-545.6699829
1789320999,81280,-546.2000122
1789321011,81440,-548.7399902
1789321034,81760,-551.3499756
1789321046,81920,-550.0900269
1789321058,82080,-551.6699829
1789321082,82400,-553.460022
1789321094,82560,-555.9199829
1789321106,82720,-556.7399902
1789321118,82880,-556.4699707
1789321142,83200,-551.789978
1789321154,83360,-550.0999756
1789321201,84000,-551.9400024
1789321214,84160,-554.2600098
1789321285,85120,-550.5900269
1789321309,85440,-553.3099976
1789321321,85600,-552.4899902
1789321333,85760,-552.4299927
1789321345,85920,-553.1500244
1789321357,86080,-553.3900146
1789321369,86240,-553.4799805
1789321380,86400,-551.5
1789321392,86560,-552.4199829
1789321404,86720,-551.539978
1789321416,86880,-552.6099854
1789321428,87040,-551.7999878
1789321440,87200,-551.7600098
1789321464,87520,-553.1900024
1789321476,87680,-552.960022
1789321488,87840,-560.0900269
1789321500,88000,-558.1300049
1789321524,88320,-556.7800293
1789321536,88480,-561.5800171
1789321547,88640,-560.4099731
1789321571,88960,-565.1900024
1789321595,89280,-561.2399902
1789321619,89600,-560.5200195
1789321631,89760,-560.4899902
1789321672,90240,-556.8400269
1789321684,90400,-557.5100098
1789321696,90560,-556.6500244
1789321720,90880,-558.4400024
1789321732,91040,-561.0599976
1789321745,91200,-563.5
1789321769,91520,-565.4699707
1789321792,91840,-558.3699951
1789321805,92000,-558.25
1789321829,92320,-559.6599731
1789321841,92480,-555.8699951
1789321853,92640,-559.3099976
1789321864,92800,-558.7700195
1789321877,92960,-553.0999756
1789321889,93120,-553.0499878
1789321901,93280,-552.0800171
1789321913,93440,-552.6099854
1789321925,93600,-552.7399902
1789321948,93920,-554.1500244
1789321960,94080,-559.1799927
1789321972,94240,-560.0900269
1789322008,94720,-556.3400269
1789322020,94880,-553.4000244
1789322032,95040,-551.710022
1789322056,95360,-549.4000244
1789322068,95520,-551.3300171
1789322080,95680,-550.5200195
1789322092,95840,-550.3099976
1789322116,96160,-550.5
1789322140,96480,-547.7299805
1789322152,96640,-548.960022
1789322164,96800,-548.8699951
1789322188,97120,-553.5599976
1789322212,97440,-576.9500122
1789322236,97760,-575.210022
1789322248,97920,-574.9199829
1789322260,98080,-573.4099731
1789322295,98560,-571.9400024
1789322343,99200,-573.1699829
1789322355,99360,-573.75
1789322379,99680,-575.960022
1789322391,99840,-575.5800171
1789322415,100160,-577.7700195
1789322463,100800,-575.2999878
1789322474,100960,-575.0599976
1789322498,101280,-546.1500244
1789322522,101600,-546.5800171
1789322571,102240,-580.7999878
1789322606,102720,-584.3099976
1789322618,102880,-584.9400024
1789322642,103200,-581.6199951
1789322654,103360,-580.5999756
1789322666,103520,-580.0700073
1789322678,103680,-577.5
1789322690,103840,-577.6699829
1789322702,104000,-574.8900146
1789322714,104160,-575.6400146
1789322726,104320,-576.0800171
1789322738,104480,-576.7800293
1789322786,105120,-579.960022
1789322798,105280,-579.3499756
1789322822,105600,-579.3800049
1789322847,105920,-579.8099976
1789322859,106080,-563.2700195
1789322871,106240,-548.289978
1789322883,106400,-547.3099976
1789322895,106560,-548.1199951
1789322907,106720,-546.8599854
1789322920,106880,-549.0300293
1789322932,107040,-549.5100098
1789322944,107200,-549.4099731
1789322968,107520,-552.2000122
1789322980,107680,-553.0100098
1789322992,107840,-552.8900146
1789323004,108000,-553.4500122
1789323016,108160,-551.8300171
1789323040,108480,-551.9699707
1789323052,108640,-551.6400146
1789323064,108800,-552.4199829
1789323088,109120,-551.4799805
1789323100,109280,-551.5599976
1789323112,109440,-552.3900146
1789323125,109600,-551.9199829
1789323137,109760,-551.2199707
1789323149,109920,-550.7600098
1789323161,110080,-550.539978
1789323173,110240,-546.289978
1789323185,110400,-544.9199829
1789323221,110880,-543.3400269
1789323245,111200,-545.1300049
1789323269,111520,-543.8499756
1789323307,112000,-544
1789323320,112160,-544.8400269
1789323333,112320,-544.710022
1789323345,112480,-546.2700195
1789323358,112640,-547.8200073
1789323370,112800,-547.5300293
1789323383,112960,-546.2800293
1789323396,113120,-545.8599854
1789323421,113440,-550.1400146
1789323434,113600,-551.1199951
1789323449,113760,-551.8400269
1789323500,114400,-554.9899902
1789323549,115040,-554.6699829
1789323561,115200,-558.6500244
1789323585,115520,-555.7000122
1789323597,115680,-555.8200073
1789323609,115840,-556.6300049
1789323621,116000,-555.75
1789323633,116160,-555.3099976
1789323645,116320,-553.710022
1789323681,116800,-554.4699707
1789323693,116960,-556.1099854
1789323705,117120,-556.5999756
1789323753,117760,-549.1900024
1789323765,117920,-548.1199951
1789323789,118240,-546.0300293
1789323801,118400,-548.4699707
1789323813,118560,-545.210022
1789323825,118720,-544.4000244
1789323849,119040,-547.4500122
1789323885,119520,-545.4099731
1789323898,119680,-547.4199829
1789323922,120000,-549.5700073
1789323934,120160,-547.9799805
1789323946,120320,-551.2600098
1789323958,120480,-554.5200195
1789323970,120640,-552.2199707
1789323982,120800,-552.7299805
1789324006,121120,-549.8200073
1789324042,121600,-551.7000122
1789324054,121760,-552.2199707
1789324079,122080,-552.5300293
1789324102,122400,-551.5100098
1789324114,122560,-551.4199829
1789324126,122720,-552.0800171
1789324138,122880,-548.3499756
1789324163,123200,-549.539978
1789324175,123360,-549.7199707
1789324186,123520,-549.9400024
1789324198,123680,-547.4400024
1789324210,123840,-548.9699707
1789324222,124000,-546.9099731
1789324234,124160,-548.7600098
1789324246,124320,-545.3200073
1789324282,124800,-541.7999878
1789324294,124960,-542.6699829
1789324342,125600,-542.8699951
1789324354,125760,-542.7000122
1789324378,126080,-542.1300049
1789324402,126400,-542.5800171
1789324414,126560,-542.9799805
1789324426,126720,-545.5200195
1789324438,126880,-548.2299805
1789324450,127040,-548.6099854
1789324462,127200,-547.1599731
1789324474,127360,-547.4799805
1789324486,127520,-547.5800171
1789324511,127840,-549.5499878
1789324523,128000,-548.8599854
1789324535,128160,-547.7199707
1789324559,128480,-547.5700073
1789324595,128960,-545.5
1789324607,129120,-543.9899902
1789324619,129280,-546.2199707
1789324632,129440,-547.8800049
1789324643,129600,-547.2199707
1789324667,129920,-546.960022
1789324679,130080,-550.3599854
1789324691,130240,-550.9400024
1789324715,130560,-553.3400269
1789324727,130720,-550.8300171
1789324752,131040,-551.8499756
1789324788,131520,-553.7199707
1789324812,131840,-551.9799805
1789324824,132000,-553.9500122
1789324836,132160,-555.5700073
1789324872,132640,-558.4199829
1789324908,133120,-559.4099731
1789324920,133280,-558.5
1789324944,133600,-555.7999878
1789324956,133760,-556.1099854
1789324968,133920,-557.2000122
1789324992,134240,-550.7399902
1789325004,134400,-552.4000244
1789325052,135040,-549.1300049
1789325076,135360,-550.7600098
1789325088,135520,-550.25
1789325100,135680,-550.3699951
1789325112,135840,-549.2399902
1789325137,136160,-550.5300293
1789325149,136320,-551.0200195
1789325161,136480,-552.2199707
1789325173,136640,-551.0800171
1789325197,136960,-548.7399902
1789325221,137280,-550.1400146
1789325245,137600,-549.960022
1789325257,137760,-550.1199951
1789325269,137920,-549.0800171
1789325281,138080,-551.0599976
1789325293,138240,-551.710022
1789325342,138880,-550.4299927
1789325354,139040,-547.039978
1789325373,139200,-547.0900269
1789325385,139360,-545.8499756
1789325421,139840,-547.4099731
1789325433,140000,-546.6500244
1789325445,140160,-545.4000244
1789325457,140320,-542.8699951
1789325469,140480,-541.4299927
1789325493,140800,-544.0900269
1789325505,140960,-545.289978
1789325517,141120,-543.9199829
1789325529,141280,-545.0800171
1789325553,141600,-548.2700195
1789325577,141920,-548.3499756
1789325589,142080,-547.0800171
1789325601,142240,-547.7000122
1789325613,142400,-548.5300293
1789325625,142560,-547.7999878
1789325650,142880,-551.1400146
1789325662,143040,-551.9199829
1789325674,143200,-552.2299805
1789325698,143520,-550.0499878
1789325710,143680,-548.3300171
1789325734,144000,-550.0900269
1789325746,144160,-550.4400024
1789325794,144800,-551.5900269
1789325806,144960,-551.4000244
1789325830,145280,-551.7199707
1789325842,145440,-551.2700195
1789325854,145600,-549.3499756
1789325866,145760,-549.289978
1789325878,145920,-547.7800293
1789325891,146080,-547.75
1789325902,146240,-550.0599976
1789325926,146560,-547.9699707
1789325938,146720,-546.75
1789325950,146880,-543.9199829
1789325986,147360,-544.4000244
1789325998,147520,-543.1400146
1789326011,147680,-543.4099731
1789326023,147840,-542.6300049
1789326047,148160,-541.5900269
1789326119,149120,-542.8499756
1789326131,149280,-542.8800049
1789326143,149440,-541.75
1789326167,149760,-545.2600098
1789326216,150400,-544.9500122
1789326252,150880,-549.1400146
1789326288,151360,-548.4500122
1789326324,151840,-548.3599854
1789326336,152000,-550.3599854
1789326360,152320,-550.539978
1789326372,152480,-550.8800049
1789326384,152640,-549
1789326396,152800,-550.8599854
1789326420,153120,-550.3800049
1789326433,153280,-550.4199829
1789326444,153440,-550.8499756
1789326457,153600,-548.0999756
1789326469,153760,-550.5999756
1789326480,153920,-551
1789326492,154080,-549.0700073
1789326504,154240,-547.75
1789326517,154400,-549.9099731
1789326542,154720,-552.6799927
1789326554,154880,-558.7600098
1789326578,155200,-558.539978
1789326602,155520,-559.7999878
1789326614,155680,-560.7800293
1789326638,156000,-561.2800293
1789326663,156320,-561.460022
1789326675,156480,-560.2600098
1789326687,156640,-561.3800049
1789326699,156800,-560.1799927
1789326735,157280,-558.9899902
1789326747,157440,-559.7399902
1789326759,157600,-561.7700195
1789326771,157760,-560.0599976
1789326795,158080,-566.1599731
1789326807,158240,-565.5800171
1789326831,158560,-567.75
1789326903,159520,-556
1789326916,159680,-555.9099731
1789326939,160000,-552.7199707
1789326952,160160,-552.7299805
1789326976,160480,-551.8400269
1789326988,160640,-552.0100098
1789327000,160800,-550.6500244
1789327012,160960,-550.9000244
1789327036,161280,-553.8300171
1789327048,161440,-554.710022
1789327060,161600,-553.3300171
1789327084,161920,-547.3099976
1789327096,162080,-545.5700073
1789327108,162240,-547.4899902
1789327120,162400,-545.7600098
1789327156,162880,-544.960022
1789327181,163200,-548.0900269
1789327242,164000,-548.2700195
1789327254,164160,-548.9400024
1789327266,164320,-551.7600098
1789327278,164480,-551.3200073
1789327303,164800,-550.9500122
1789327326,165120,-549.5200195
1789327338,165280,-549.0200195
1789327350,165440,-551.2700195
1789327374,165760,-552.539978
1789327386,165920,-552.3200073
1789327398,166080,-552.3099976
1789327410,166240,-551.1300049
1789327422,166400,-550.7000122
1789327458,166880,-549.7399902
1789327470,167040,-550.210022
1789327482,167200,-548.6199951
1789327543,168000,-547.7299805
1789327555,168160,-547.1799927
1789327567,168320,-545.5800171
1789327579,168480,-544.5300293
1789327603,168800,-541.9099731
1789327615,168960,-542.9799805
1789327628,169120,-574.9500122
1789327640,169280,-582.6300049
1789327652,169440,-579.5999756
1789327712,170240,-579.9099731
1789327724,170400,-579.7999878
1789327736,170560,-580.6500244
1789327748,170720,-581.5200195
1789327760,170880,-582.5100098
1789327772,171040,-580.3400269
1789327820,171680,-582
1789327833,171840,-582.9699707
1789327845,172000,-583.4899902
1789327857,172160,-585.6400146
1789327869,172320,-588.7000122
1789327881,172480,-589.2299805
1789327893,172640,-590.0300293
1789327917,172960,-590.4000244
1789327929,173120,-559.2299805
1789327941,173280,-550.2399902
1789327953,173440,-549.9199829
1789327965,173600,-549.2399902
1789327977,173760,-548.5999756
1789327989,173920,-548.6799927
1789328037,174560,-554.2299805
1789328061,174880,-549.1099854
1789328073,175040,-549.8599854
1789328110,175520,-551.0900269
1789328134,175840,-552.0599976
1789328145,176000,-550.7800293
1789328170,176320,-547.0300293
1789328194,176640,-547.539978
1789328206,176800,-546.6699829
1789328218,176960,-548.4400024
1789328243,177280,-548.3099976
1789328279,177760,-552.2399902
1789328291,177920,-551.5100098
1789328327,178400,-546.7199707
1789328351,178720,-549.1099854
1789328387,179200,-550.3400269
1789328423,179680,-550.1799927
1789328435,179840,-551.9500122
1789328447,180000,-551.289978
1789328459,180160,-551.0300293
1789328471,180320,-551.5900269
1789328483,180480,-552.5100098
1789328495,180640,-551.3599854
1789328508,180800,-552.3200073
1789328520,180960,-551.0999756
1789328532,181120,-549.8400269
1789328556,181440,-548.2299805
1789328568,181600,-547.5900269
1789328580,181760,-549.4699707
1789328616,182240,-554.1099854
1789328628,182400,-554.1099854
1789328652,182720,-552.1599731
1789328664,182880,-549.4799805
1789328688,183200,-551.5200195
1789328748,184000,-550.6500244
1789328760,184160,-549.9400024
1789328772,184320,-549.5700073
1789328784,184480,-549.7000122
1789328796,184640,-550.1699829
1789328821,184960,-551.1199951
1789328833,185120,-553.039978
1789328845,185280,-553.0999756
1789328857,185440,-554.8400269
1789328881,185760,-553.5599976
1789328893,185920,-554.6099854
1789328905,186080,-553.4199829
1789328930,186400,-553.1699829
1789328942,186560,-552.9400024
1789328955,186720,-550.75
1789328967,186880,-552.3699951
1789329091,188480,-551.9899902
1789329127,188960,-554.2700195
1789329139,189120,-554.4400024
1789329151,189280,-555.3200073
1789329163,189440,-554.289978
1789329187,189760,-556.9400024
1789329199,189920,-553.7399902
1789329211,190080,-554.0900269
1789329235,190400,-556.25
1789329272,190880,-556.5900269
1789329284,191040,-555.3200073
1789329296,191200,-551.9299927
1789329308,191360,-550.539978
1789329320,191520,-551
1789329332,191680,-548.8400269
1789329344,191840,-549.1300049
1789329356,192000,-548.8400269
1789329380,192320,-549.3099976
1789329404,192640,-547.25
1789329416,192800,-544.0100098
1789329440,193120,-544.8300171
1789329464,193440,-547.3099976
1789329488,193760,-544.2199707
1789329500,193920,-546.0700073
1789329512,194080,-546.0599976
1789329524,194240,-545.5200195
1789329536,194400,-544.2600098
1789329548,194560,-544.5999756
1789329597,195200,-565.4699707
1789329657,196000,-563.6699829
1789329669,196160,-564.6599731
1789329694,196480,-563.5800171
1789329706,196640,-562.0100098
1789329718,196800,-562.4500122
1789329754,197280,-556.539978
1789329766,197440,-558.6799927
1789329778,197600,-559.2299805
1789329790,197760,-559.0900269
1789329802,197920,-556.7700195
1789329814,198080,-555.9000244
1789329826,198240,-558.25
1789329838,198400,-558.0499878
1789329874,198880,-555.0200195
1789329886,199040,-553.1799927
1789329898,199200,-539.9899902
1789329923,199520,-542.2299805
1789329935,199680,-543.1300049
1789329959,200000,-545.8200073
1789329971,200160,-545.9000244
1789330007,200640,-553.0499878
1789330019,200800,-554.6900024
1789330031,200960,-554.2299805
1789330044,201120,-554.5700073
1789330056,201280,-554.2700195
1789330068,201440,-551.0200195
1789330080,201600,-550.8300171
1789330104,201920,-550.9699707
1789330116,202080,-551.1099854
1789330128,202240,-550.6900024
1789330140,202400,-549.2199707
1789330153,202560,-549.5
1789330165,202720,-547.1500244
1789330189,203040,-548.7299805
1789330225,203520,-547.3900146
1789330238,203680,-546.5100098
1789330262,204000,-548.9699707
1789330310,204640,-540.9400024
1789330322,204800,-541.4199829
1789330346,205120,-542.4400024
1789330358,205280,-543.2000122
1789330394,205760,-544.3300171
1789330418,206080,-550.6199951
1789330431,206240,-549.1400146
1789330443,206400,-550.1699829
1789330467,206720,-551.9699707
1789330479,206880,-552.6500244
1789330491,207040,-551.1900024
1789330503,207200,-551.6699829
1789330527,207520,-549.7199707
1789330539,207680,-550.2299805
1789330551,207840,-549.4299927
1789330563,208000,-549.710022
1789330576,208160,-549.2700195
1789330600,208480,-551.210022
1789330612,208640,-554.210022
1789330624,208800,-551.8900146
1789330648,209120,-551.3099976
1789330660,209280,-551.7800293
1789330696,209760,-553.7000122
1789330720,210080,-548.3900146
1789330733,210240,-547.9299927
1789330758,210560,-548.6500244
1789330770,210720,-549.6699829
1789330782,210880,-548.0200195
1789330794,211040,-550.3699951
1789330806,211200,-548.7800293
1789330818,211360,-552.6699829
1789330830,211520,-553.5999756
1789330867,212000,-551.8800049
1789330879,212160,-553.2700195
1789330891,212320,-557.6400146
1789330903,212480,-556.2199707
1789330915,212640,-553.2199707
1789330927,212800,-552.4799805
1789330939,212960,-554.3599854
1789330964,213280,-554.1400146
1789330976,213440,-554.7800293
1789330988,213600,-553.9699707
1789331000,213760,-555.7600098
1789331012,213920,-556.7600098
1789331024,214080,-559.6099854
1789331060,214560,-560.6599731
1789331096,215040,-558.8400269
1789331121,215360,-555.9799805
1789331144,215680,-555.1300049
1789331156,215840,-556.9000244
1789331168,216000,-556.4299927
1789331180,216160,-557.6099854
1789331192,216320,-554.5200195
1789331241,216960,-556.0999756
1789331289,217600,-560.9299927
1789331313,217920,-556.2600098
1789331325,218080,-553.9500122
1789331337,218240,-552.9799805
1789331361,218560,-552.6900024
1789331373,218720,-554.4799805
1789331385,218880,-555.1199951
1789331421,219360,-557.9299927
1789331433,219520,-555.539978
1789331457,219840,-557.8800049
1789331469,220000,-558.6199951
1789331481,220160,-556.2000122
1789331505,220480,-556.960022
1789331517,220640,-556.789978
1789331529,220800,-554.6400146
1789331554,221120,-549.3800049
1789331566,221280,-546.7399902
1789331590,221600,-547.4899902
1789331602,221760,-548.4699707
1789331614,221920,-564.539978
1789331626,222080,-584.7299805
1789331638,222240,-585.0900269
1789331650,222400,-585.539978
1789331674,222720,-588.2999878
1789331686,222880,-586.5100098
1789331724,223360,-615.5100098
1789331784,224160,-626.6500244
1789331832,224800,-627.1199951
1789331928,226080,-595.4400024
1789331940,226240,-595.960022
1789331953,226400,-595.9199829
1789331964,226560,-593.0999756
1789331977,226720,-591.4899902
1789332013,227200,-562.1799927
1789332025,227360,-566.1199951
1789332049,227680,-568.4500122
1789332061,227840,-569.5200195
1789332085,228160,-553.8300171
1789332097,228320,-552.710022
1789332109,228480,-553.6199951
1789332121,228640,-553.2000122
1789332145,228960,-551.8599854
1789332157,229120,-552.0300293
1789332169,229280,-551.3699951
1789332181,229440,-552.6099854
1789332193,229600,-550.2999878
1789332217,229920,-549.5900269
1789332229,230080,-546.8599854
1789332241,230240,-546.6099854
1789332265,230560,-549.9000244
1789332290,230880,-549.8400269
1789332302,231040,-549.2700195
1789332362,231840,-546.5100098
1789332386,232160,-548.1500244
1789332434,232800,-550.789978
1789332446,232960,-548.9500122
1789332458,233120,-549.4899902
1789332506,233760,-547.4899902
1789332530,234080,-548.9500122
1789332567,234560,-544.1400146
1789332580,234720,-541.9299927
1789332616,235200,-543.2600098
1789332628,235360,-541.7999878
1789332665,235840,-544.3699951
1789332677,236000,-544.5100098
1789332713,236480,-543.2999878
1789332725,236640,-543.7399902
1789332737,236800,-541.9299927
1789332749,236960,-542.8800049
1789332761,237120,-543.2399902
1789332773,237280,-542.8900146
1789332785,237440,-543.3099976
1789332812,237760,-545.6599731
1789332825,237920,-546.3400269
1789332837,238080,-545.1400146
1789332849,238240,-545.1099854
1789332861,238400,-546.3900146
1789332873,238560,-546.6900024
1789332885,238720,-546.0900269
1789332897,238880,-546.1199951
1789332910,239040,-547.0200195
1789332958,239680,-544.6300049
1789332994,240160,-544.6300049
1789333006,240320,-544.1699829
1789333018,240480,-545.4500122
1789333030,240640,-546.5200195
1789333054,240960,-547.5999756
1789333066,241120,-547.8599854
1789333078,241280,-548.3200073
1789333090,241440,-546.6099854
1789333102,241600,-545.9500122
1789333114,241760,-544.8200073
1789333126,241920,-544.1799927
1789333138,242080,-543.6599731
1789333150,242240,-542.960022
1789333186,242720,-542.6699829
1789333211,243040,-541.8800049
1789333223,243200,-541.6599731
1789333271,243840,-548.4799805
1789333283,244000,-548.0700073
1789333295,244160,-548.25
1789333319,244480,-547.5599976
1789333331,244640,-546.2399902
1789333368,245120,-545.0100098
1789333405,245600,-551.2999878
1789333429,245920,-552.25
1789333477,246560,-557
1789333489,246720,-558.3599854
1789333502,246880,-558.0599976
1789333514,247040,-558.210022
1789333550,247520,-554.9400024
1789333574,247840,-554.3699951
1789333586,248000,-554.7999878
1789333598,248160,-554.8699951
1789333610,248320,-554.6500244
1789333622,248480,-554.3499756
1789333646,248800,-555.6900024
1789333659,248960,-553.8800049
1789333695,249440,-547.7999878
1789333707,249600,-546.8300171
1789333719,249760,-546.1500244
1789333731,249920,-545.8499756
1789333744,250080,-545.4099731
1789333756,250240,-543.6599731
1789333816,251040,-544.9500122
1789333828,251200,-544.6699829
1789333840,251360,-544.5499878
1789333900,252160,-541.6699829
1789333924,252480,-540.75
1789333936,252640,-542.2000122
1789333948,252800,-540.8699951
1789333960,252960,-541.6699829
1789333984,253280,-541.5100098
1789333996,253440,-542.039978
1789334008,253600,-543.1300049
1789334020,253760,-543.6300049
1789334032,253920,-542.9699707
1789334044,254080,-541.1199951
1789334056,254240,-541.75
1789334081,254560,-541.1400146
1789334106,254880,-543.5900269
1789334119,255040,-545.7800293
1789334132,255200,-545.3699951
1789334157,255520,-545.3800049
1789334170,255680,-544.6699829
1789334195,256000,-544.5100098
1789334221,256320,-544.7199707
1789334234,256480,-544.5999756
1789334246,256640,-542.7800293
1789334259,256800,-544
1789334272,256960,-543.9899902
1789334285,257120,-546.0100098
1789334311,257440,-544.6699829
1789334323,257600,-545.2999878
1789334335,257760,-544.3400269
1789334348,257920,-545.4099731
1789334360,258080,-546.0800171
1789334372,258240,-546.0599976
1789334384,258400,-544.5300293
1789334396,258560,-543.4799805
1789334420,258880,-540.0900269
1789334432,259040,-537.8200073
1789334444,259200,-537.6900024
1789334456,259360,-538.8400269
1789334504,260000,-540.8499756
